WKT,id,sname
POINT (13.3828042 49.7456203),1,Plzen
POINT (13.3828042 49.7456203),1,Plzen
POINT (13.3828042 49.7456203),1,Plzen
POINT (13.3828042 49.7456203),1,Plzen
POINT (13.3828042 49.7456203),1,Plzen
POINT (13.3828042 49.7456203),1,Plzen